DATE,TIME,MODE,COMMITS,FILES,PUSH
2026-02-01,11:15,lazy,0,-,-
2026-02-01,11:15,commit,2,|utils.js|ai.py,OK
2026-02-01,12:01,commit,2,|config.json|config.json,OK
2026-02-01,12:06,lazy,0,-,-
2026-02-01,12:06,commit,2,|notes.md|ai.py,OK
2026-02-01,12:16,lazy,0,-,-
2026-02-01,12:16,commit,2,|notes.md|utils.js,OK
2026-02-01,12:16,commit,2,|ai.py|utils.js,OK
2026-02-01,12:16,commit,2,|utils.js|utils.js,OK
2026-02-01,12:16,commit,2,|ai.py|config.json,OK
2026-02-01,12:21,commit,2,|notes.md|notes.md,OK
2026-02-01,12:21,commit,2,|config.json|notes.md,OK
2026-02-01,12:21,commit,2,|ai.py|notes.md,OK
2026-02-01,18:32,lazy,0,-,-
2026-02-01,21:01,commit,2,|notes.md|config.json,OK
2026-02-02,00:12,lazy,0,-,-
2026-02-02,02:59,issue,0,-,-
2026-02-02,08:13,issue,0,-,-
2026-02-02,10:32,issue,0,-,-
2026-02-02,15:28,lazy,0,-,-
2026-02-02,18:42,lazy,0,-,-
2026-02-03,08:09,issue,0,-,-
2026-02-03,10:21,issue,0,-,-
2026-02-03,15:21,commit,2,|ai.py|utils.js,OK
2026-02-03,18:43,issue,0,-,-
2026-02-03,21:25,issue,0,-,-
2026-02-04,00:32,issue,0,-,-
2026-02-04,03:11,issue,0,-,-
2026-02-04,08:03,lazy,0,-,-
2026-02-04,10:14,lazy,0,-,-
2026-02-04,12:30,issue,0,-,-
2026-02-04,18:42,issue,0,-,-
2026-02-04,21:21,issue,0,-,-
2026-02-05,00:28,commit,2,|notes.md|notes.md,OK
2026-02-05,03:08,issue,0,-,-
2026-02-05,08:05,commit,2,|utils.js|ai.py,OK
2026-02-05,10:22,issue,0,-,-
2026-02-05,12:36,lazy,0,-,-
2026-02-05,15:23,commit,2,|ai.py|notes.md,OK
2026-02-05,18:45,commit,2,|notes.md|config.json,OK
2026-02-06,03:05,commit,2,|config.json|notes.md,OK
2026-02-06,10:21,commit,2,|utils.js|config.json,OK
2026-02-06,15:22,issue,0,-,-
2026-02-06,21:18,issue,0,-,-
2026-02-07,00:29,issue,0,-,-
2026-02-07,08:01,commit,2,|notes.md|utils.js,OK
2026-02-07,10:12,commit,2,|ai.py|utils.js,OK
2026-02-07,12:21,issue,0,-,-
2026-02-07,15:07,issue,0,-,-
2026-02-07,18:31,issue,0,-,-
2026-02-08,00:13,issue,0,-,-
2026-02-08,03:02,issue,0,-,-
2026-02-08,08:44,issue,0,-,-
2026-02-08,12:28,issue,0,-,-
2026-02-08,18:32,commit,2,|config.json|utils.js,OK
2026-02-08,21:02,issue,0,-,-
2026-02-09,00:15,lazy,0,-,-
2026-02-09,03:03,commit,2,|utils.js|notes.md,OK
2026-02-09,08:13,issue,0,-,-
2026-02-09,12:42,commit,2,|notes.md|utils.js,OK
2026-02-09,15:37,lazy,0,-,-
2026-02-09,18:51,commit,2,|notes.md|utils.js,OK
2026-02-09,21:31,issue,0,-,-
2026-02-10,00:54,lazy,0,-,-
2026-02-10,08:22,commit,2,|config.json|utils.js,OK
2026-02-10,10:39,commit,2,|notes.md|notes.md,OK
2026-02-10,12:43,issue,0,-,-
2026-02-10,18:56,issue,0,-,-
2026-02-11,00:43,lazy,0,-,-
2026-02-11,10:37,lazy,0,-,-
2026-02-11,12:40,issue,0,-,-
2026-02-11,15:28,commit,2,|utils.js|notes.md,OK
2026-02-11,21:37,issue,0,-,-
2026-02-12,00:41,issue,0,-,-
2026-02-12,08:15,issue,0,-,-
2026-02-12,10:33,lazy,0,-,-
2026-02-12,18:51,issue,0,-,-
2026-02-12,21:28,commit,2,|ai.py|ai.py,OK
2026-02-13,00:40,issue,0,-,-
2026-02-13,03:09,commit,2,|utils.js|config.json,OK
2026-02-13,08:16,lazy,0,-,-
2026-02-13,12:36,issue,0,-,-
2026-02-13,15:23,issue,0,-,-
2026-02-13,21:20,lazy,0,-,-
